doc_id,entity_id
DOC-0001,E017
DOC-0002,E002
DOC-0003,E006
DOC-0004,E003
DOC-0005,E015
DOC-0006,E005
DOC-0007,E010
DOC-0008,E007
DOC-0009,E001
DOC-0010,E015
DOC-0011,E007
DOC-0012,E019
DOC-0013,E009
DOC-0014,E017
DOC-0015,E017
DOC-0016,E013
DOC-0017,E016
DOC-0018,E015
DOC-0019,E019
DOC-0020,E007
DOC-0021,E008
DOC-0022,E002
DOC-0023,E011
DOC-0024,E013
DOC-0025,E011
DOC-0026,E018
DOC-0027,E015
DOC-0028,E018
DOC-0029,E006
DOC-0030,E014
DOC-0031,E014
DOC-0032,E011
DOC-0033,E017
DOC-0034,E018
DOC-0035,E008
DOC-0036,E005
DOC-0037,E016
DOC-0038,E013
DOC-0039,E019
DOC-0040,E016
DOC-0041,E019
DOC-0042,E013
DOC-0043,E014
DOC-0044,E014
DOC-0045,E005
DOC-0046,E007
DOC-0047,E008
DOC-0048,E001
DOC-0049,E001
DOC-0050,E012
DOC-0051,E003
DOC-0052,E001
DOC-0053,E009
DOC-0054,E003
DOC-0055,E017
DOC-0056,E019
DOC-0057,E014
DOC-0058,E010
DOC-0059,E004
DOC-0060,E006
DOC-0061,E014
DOC-0062,E004
DOC-0063,E008
DOC-0064,E011
DOC-0065,E009
DOC-0066,E012
DOC-0067,E019
DOC-0068,E004
DOC-0069,E008
DOC-0070,E012
DOC-0071,E005
DOC-0072,E010
DOC-0073,E018
DOC-0074,E004
DOC-0075,E001
DOC-0076,E006
DOC-0077,E005
DOC-0078,E012
DOC-0079,E002
DOC-0080,E014
DOC-0081,E016
DOC-0082,E003
DOC-0083,E016
DOC-0084,E006
DOC-0085,E008
DOC-0086,E008
DOC-0087,E017
DOC-0088,E017
DOC-0089,E005
DOC-0090,E007
DOC-0091,E012
DOC-0092,E006
DOC-0093,E005
DOC-0094,E009
DOC-0095,E002
DOC-0096,E013
DOC-0097,E017
DOC-0098,E002
DOC-0099,E015
DOC-0100,E011
DOC-0101,E014
DOC-0102,E007
DOC-0103,E012
DOC-0104,E018
DOC-0105,E001
DOC-0106,E003
DOC-0107,E004
DOC-0108,E016
DOC-0109,E010
DOC-0110,E013
DOC-0111,E004
DOC-0112,E012
DOC-0113,E015
DOC-0114,E006
DOC-0115,E010
DOC-0116,E008
DOC-0117,E014
DOC-0118,E013
DOC-0119,E017
DOC-0120,E011
DOC-0121,E007
DOC-0122,E006
DOC-0123,E008
DOC-0124,E008
DOC-0125,E005
DOC-0126,E007
DOC-0127,E005
DOC-0128,E008
DOC-0129,E004
DOC-0130,E016
DOC-0131,E015
DOC-0132,E011
DOC-0133,E007
DOC-0134,E015
DOC-0135,E009
DOC-0136,E017
DOC-0137,E012
DOC-0138,E010
DOC-0139,E014
DOC-0140,E008
DOC-0141,E001
DOC-0142,E011
DOC-0143,E017
DOC-0144,E010
DOC-0145,E012
DOC-0146,E007
DOC-0147,E016
DOC-0148,E013
DOC-0149,E013
DOC-0150,E013
DOC-0151,E004
DOC-0152,E011
DOC-0153,E019
DOC-0154,E015
DOC-0155,E009
DOC-0156,E004
DOC-0157,E013
DOC-0158,E005
DOC-0159,E007
DOC-0160,E015
DOC-0161,E005
DOC-0162,E007
DOC-0163,E006
DOC-0164,E015
DOC-0165,E009
DOC-0166,E003
DOC-0167,E014
DOC-0168,E011
DOC-0169,E006
DOC-0170,E013
DOC-0171,E011
DOC-0172,E014
DOC-0173,E012
DOC-0174,E003
DOC-0175,E002
DOC-0176,E009
DOC-0177,E016
DOC-0178,E011
DOC-0179,E017
DOC-0180,E002
DOC-0181,E007
DOC-0182,E003
DOC-0183,E018
DOC-0184,E012
DOC-0185,E019
DOC-0186,E010
DOC-0187,E009
DOC-0188,E002
DOC-0189,E017
DOC-0190,E016
DOC-0191,E017
DOC-0192,E019
DOC-0193,E016
DOC-0194,E018
DOC-0195,E013
DOC-0196,E002
DOC-0197,E011
DOC-0198,E009
DOC-0199,E014
DOC-0200,E004
DOC-0201,E013
DOC-0202,E002
DOC-0203,E008
DOC-0204,E004
DOC-0205,E001
DOC-0206,E012
DOC-0207,E016
DOC-0208,E005
DOC-0209,E015
DOC-0210,E005
DOC-0211,E014
DOC-0212,E018
DOC-0213,E016
DOC-0214,E005
DOC-0215,E018
DOC-0216,E005
DOC-0217,E009
DOC-0218,E010
DOC-0219,E002
DOC-0220,E010
DOC-0221,E017
DOC-0222,E009
DOC-0223,E009
DOC-0224,E009
DOC-0225,E003
DOC-0226,E017
DOC-0227,E015
DOC-0228,E008
DOC-0229,E019
DOC-0230,E018
DOC-0231,E004
DOC-0232,E011
DOC-0233,E013
DOC-0234,E005
DOC-0235,E019
DOC-0236,E010
DOC-0237,E017
DOC-0238,E010
DOC-0239,E014
DOC-0240,E004
DOC-0241,E017
DOC-0242,E018
DOC-0243,E017
DOC-0244,E002
DOC-0245,E013
DOC-0246,E013
DOC-0247,E006
DOC-0248,E014
DOC-0249,E008
DOC-0250,E018
DOC-0251,E019
DOC-0252,E005
DOC-0253,E007
DOC-0254,E004
DOC-0255,E013
DOC-0256,E009
DOC-0257,E012
DOC-0258,E001
DOC-0259,E013
DOC-0260,E009
DOC-0261,E013
DOC-0262,E011
DOC-0263,E014
DOC-0264,E009
DOC-0265,E012
DOC-0266,E012
DOC-0267,E017
DOC-0268,E014
DOC-0269,E005
DOC-0270,E001
DOC-0271,E008
DOC-0272,E002
DOC-0273,E004
DOC-0274,E017
DOC-0275,E015
DOC-0276,E019
DOC-0277,E006
DOC-0278,E018
DOC-0279,E011
DOC-0280,E013
DOC-0281,E001
DOC-0282,E001
DOC-0283,E018
DOC-0284,E008
DOC-0285,E014
DOC-0286,E019
DOC-0287,E002
DOC-0288,E018
DOC-0289,E014
DOC-0290,E005
DOC-0291,E011
DOC-0292,E007
DOC-0293,E016
DOC-0294,E016
DOC-0295,E012
DOC-0296,E010
DOC-0297,E006
DOC-0298,E002
DOC-0299,E019
DOC-0300,E017
DOC-0301,E007
DOC-0302,E016
DOC-0303,E007
DOC-0304,E009
DOC-0305,E017
DOC-0306,E012
DOC-0307,E015
DOC-0308,E013
DOC-0309,E009
DOC-0310,E015
DOC-0311,E011
DOC-0312,E004
DOC-0313,E017
DOC-0314,E009
DOC-0315,E017
DOC-0316,E013
DOC-0317,E001
DOC-0318,E006
DOC-0319,E001
DOC-0320,E004
DOC-0321,E016
DOC-0322,E019
DOC-0323,E015
DOC-0324,E014
DOC-0325,E005
DOC-0326,E001
DOC-0327,E001
DOC-0328,E009
DOC-0329,E018
DOC-0330,E013
DOC-0331,E018
DOC-0332,E014
DOC-0333,E011
DOC-0334,E001
DOC-0335,E006
DOC-0336,E012
DOC-0337,E003
DOC-0338,E005
DOC-0339,E016
DOC-0340,E019
DOC-0341,E002
DOC-0342,E019
DOC-0343,E001
DOC-0344,E011
DOC-0345,E016
DOC-0346,E010
DOC-0347,E003
DOC-0348,E018
DOC-0349,E019
DOC-0350,E007
DOC-0351,E009
DOC-0352,E017
DOC-0353,E016
DOC-0354,E004
DOC-0355,E005
DOC-0356,E007
DOC-0357,E016
DOC-0358,E012
DOC-0359,E016
DOC-0360,E011
DOC-0361,E008
DOC-0362,E012
DOC-0363,E005
DOC-0364,E007
DOC-0365,E013
DOC-0366,E011
DOC-0367,E017
DOC-0368,E017
DOC-0369,E008
DOC-0370,E010
DOC-0371,E015
DOC-0372,E008
DOC-0373,E013
DOC-0374,E010
DOC-0375,E019
DOC-0376,E002
DOC-0377,E007
DOC-0378,E016
DOC-0379,E008
DOC-0380,E005
DOC-0381,E011
DOC-0382,E003
DOC-0383,E014
DOC-0384,E004
DOC-0385,E003
DOC-0386,E013
DOC-0387,E004
DOC-0388,E012
DOC-0389,E006
DOC-0390,E008
DOC-0391,E018
DOC-0392,E003
DOC-0393,E012
DOC-0394,E016
DOC-0395,E001
DOC-0396,E016
DOC-0397,E019
DOC-0398,E019
DOC-0399,E011
DOC-0400,E011
DOC-0401,E017
DOC-0402,E004
DOC-0403,E005
DOC-0404,E009
DOC-0405,E008
DOC-0406,E005
DOC-0407,E002
DOC-0408,E017
DOC-0409,E004
DOC-0410,E018
DOC-0411,E017
DOC-0412,E010
DOC-0413,E003
DOC-0414,E008
DOC-0415,E015
DOC-0416,E011
DOC-0417,E004
DOC-0418,E018
DOC-0419,E009
DOC-0420,E015
DOC-0421,E009
DOC-0422,E005
DOC-0423,E003
DOC-0424,E008
DOC-0425,E001
DOC-0426,E006
DOC-0427,E010
DOC-0428,E017
DOC-0429,E010
DOC-0430,E006
DOC-0431,E002
DOC-0432,E002
DOC-0433,E018
DOC-0434,E016
DOC-0435,E004
DOC-0436,E011
DOC-0437,E003
DOC-0438,E015
DOC-0439,E005
DOC-0440,E002
DOC-0441,E003
DOC-0442,E012
DOC-0443,E011
DOC-0444,E018
DOC-0445,E013
DOC-0446,E010
DOC-0447,E009
DOC-0448,E009
DOC-0449,E010
DOC-0450,E009
DOC-0451,E011
DOC-0452,E007
DOC-0453,E017
DOC-0454,E005
DOC-0455,E002
DOC-0456,E011
DOC-0457,E001
DOC-0458,E005
DOC-0459,E001
DOC-0460,E001
DOC-0461,E008
DOC-0462,E019
DOC-0463,E013
DOC-0464,E017
DOC-0465,E001
DOC-0466,E006
DOC-0467,E001
DOC-0468,E003
DOC-0469,E005
DOC-0470,E002
DOC-0471,E003
DOC-0472,E009
DOC-0473,E015
DOC-0474,E009
DOC-0475,E002
DOC-0476,E014
DOC-0477,E014
DOC-0478,E019
DOC-0479,E011
DOC-0480,E002
DOC-0481,E010
DOC-0482,E007
DOC-0483,E018
DOC-0484,E005
DOC-0485,E003
DOC-0486,E003
DOC-0487,E018
DOC-0488,E018
DOC-0489,E002
DOC-0490,E011
DOC-0491,E003
DOC-0492,E005
DOC-0493,E007
DOC-0494,E007
DOC-0495,E015
DOC-0496,E009
DOC-0497,E012
DOC-0498,E009
DOC-0499,E003
DOC-0500,E013
DOC-0501,E009
DOC-0502,E003
DOC-0503,E011
DOC-0504,E013
DOC-0505,E012
DOC-0506,E009
DOC-0507,E005
DOC-0508,E013
DOC-0509,E005
DOC-0510,E015
DOC-0511,E011
DOC-0512,E011
DOC-0513,E009
DOC-0514,E007
DOC-0515,E011
DOC-0516,E007
DOC-0517,E008
DOC-0518,E009
DOC-0519,E017
DOC-0520,E005
DOC-0521,E005
DOC-0522,E015
DOC-0523,E017
DOC-0524,E006
DOC-0525,E012
DOC-0526,E007
DOC-0527,E014
DOC-0528,E001
DOC-0529,E002
DOC-0530,E013
DOC-0531,E007
DOC-0532,E014
DOC-0533,E013
DOC-0534,E001
DOC-0535,E001
DOC-0536,E003
DOC-0537,E015
DOC-0538,E010
DOC-0539,E005
DOC-0540,E014
DOC-0541,E017
DOC-0542,E002
DOC-0543,E007
DOC-0544,E017
DOC-0545,E013
DOC-0546,E010
DOC-0547,E001
DOC-0548,E017
DOC-0549,E014
DOC-0550,E001
DOC-0551,E015
DOC-0552,E002
DOC-0553,E013
DOC-0554,E013
DOC-0555,E004
DOC-0556,E003
DOC-0557,E004
DOC-0558,E017
DOC-0559,E008
DOC-0560,E010
DOC-0561,E006
DOC-0562,E017
DOC-0563,E001
DOC-0564,E017
DOC-0565,E008
DOC-0566,E010
DOC-0567,E007
DOC-0568,E009
DOC-0569,E003
DOC-0570,E002
DOC-0571,E015
DOC-0572,E019
DOC-0573,E018
DOC-0574,E012
DOC-0575,E015
DOC-0576,E016
DOC-0577,E013
DOC-0578,E012
DOC-0579,E008
DOC-0580,E009
DOC-0581,E018
DOC-0582,E001
DOC-0583,E018
DOC-0584,E013
DOC-0585,E013
DOC-0586,E014
DOC-0587,E019
DOC-0588,E019
DOC-0589,E013
DOC-0590,E008
DOC-0591,E013
DOC-0592,E013
DOC-0593,E019
DOC-0594,E018
DOC-0595,E010
DOC-0596,E003
DOC-0597,E006
DOC-0598,E005
DOC-0599,E008
DOC-0600,E019
DOC-0601,E001
DOC-0602,E005
DOC-0603,E006
DOC-0604,E018
DOC-0605,E004
DOC-0606,E013
DOC-0607,E004
DOC-0608,E017
DOC-0609,E003
DOC-0610,E015
DOC-0611,E006
DOC-0612,E010
DOC-0613,E001
DOC-0614,E012
DOC-0615,E009
DOC-0616,E006
DOC-0617,E009
DOC-0618,E005
DOC-0619,E002
DOC-0620,E002
DOC-0621,E006
DOC-0622,E013
DOC-0623,E005
DOC-0624,E009
DOC-0625,E001
DOC-0626,E014
DOC-0627,E014
DOC-0628,E018
DOC-0629,E017
DOC-0630,E007
DOC-0631,E005
DOC-0632,E008
DOC-0633,E003
DOC-0634,E013
DOC-0635,E019
DOC-0636,E002
DOC-0637,E007
DOC-0638,E013
DOC-0639,E010
DOC-0640,E012
DOC-0641,E012
DOC-0642,E001
DOC-0643,E013
DOC-0644,E018
DOC-0645,E009
DOC-0646,E009
DOC-0647,E008
DOC-0648,E014
DOC-0649,E012
DOC-0650,E008
DOC-0651,E003
DOC-0652,E019
DOC-0653,E001
DOC-0654,E018
DOC-0655,E018
DOC-0656,E006
DOC-0657,E005
DOC-0658,E001
DOC-0659,E012
DOC-0660,E008
DOC-0661,E003
DOC-0662,E016
DOC-0663,E009
DOC-0664,E013
DOC-0665,E016
DOC-0666,E001
DOC-0667,E008
DOC-0668,E019
DOC-0669,E013
DOC-0670,E010
DOC-0671,E002
DOC-0672,E009
DOC-0673,E007
DOC-0674,E002
DOC-0675,E017
DOC-0676,E009
DOC-0677,E005
DOC-0678,E010
DOC-0679,E019
DOC-0680,E002
DOC-0681,E013
DOC-0682,E001
DOC-0683,E010
DOC-0684,E004
DOC-0685,E012
DOC-0686,E008
DOC-0687,E014
DOC-0688,E011
DOC-0689,E007
DOC-0690,E001
DOC-0691,E004
DOC-0692,E004
DOC-0693,E009
DOC-0694,E019
DOC-0695,E016
DOC-0696,E011
DOC-0697,E014
DOC-0698,E002
DOC-0699,E005
DOC-0700,E006
DOC-0701,E013
DOC-0702,E011
DOC-0703,E012
DOC-0704,E011
DOC-0705,E012
DOC-0706,E001
DOC-0707,E012
DOC-0708,E010
DOC-0709,E012
DOC-0710,E006
DOC-0711,E006
DOC-0712,E012
DOC-0713,E010
DOC-0714,E018
DOC-0715,E010
DOC-0716,E002
DOC-0717,E001
DOC-0718,E007
DOC-0719,E005
DOC-0720,E013
DOC-0721,E007
DOC-0722,E008
DOC-0723,E017
DOC-0724,E007
DOC-0725,E017
DOC-0726,E006
DOC-0727,E014
DOC-0728,E002
DOC-0729,E009
DOC-0730,E010
DOC-0731,E014
DOC-0732,E008
DOC-0733,E019
DOC-0734,E010
DOC-0735,E008
DOC-0736,E008
DOC-0737,E011
DOC-0738,E019
DOC-0739,E016
DOC-0740,E011
DOC-0741,E014
DOC-0742,E006
DOC-0743,E003
DOC-0744,E013
DOC-0745,E005
DOC-0746,E014
DOC-0747,E012
DOC-0748,E016
DOC-0749,E012
DOC-0750,E003
DOC-0751,E006
DOC-0752,E016
DOC-0753,E013
DOC-0754,E008
DOC-0755,E005
DOC-0756,E010
DOC-0757,E005
DOC-0758,E009
DOC-0759,E014
DOC-0760,E015
DOC-0761,E018
DOC-0762,E014
DOC-0763,E006
DOC-0764,E006
DOC-0765,E013
DOC-0766,E012
DOC-0767,E004
DOC-0768,E013
DOC-0769,E017
DOC-0770,E012
DOC-0771,E001
DOC-0772,E003
DOC-0773,E005
DOC-0774,E013
DOC-0775,E016
DOC-0776,E006
DOC-0777,E008
DOC-0778,E017
DOC-0779,E004
DOC-0780,E001
DOC-0781,E001
DOC-0782,E002
DOC-0783,E017
DOC-0784,E019
DOC-0785,E018
DOC-0786,E018
DOC-0787,E006
DOC-0788,E009
DOC-0789,E006
DOC-0790,E005
DOC-0791,E007
DOC-0792,E014
DOC-0793,E001
DOC-0794,E009
DOC-0795,E007
DOC-0796,E013
DOC-0797,E010
DOC-0798,E018
DOC-0799,E005
DOC-0800,E016
DOC-0801,E013
DOC-0802,E010
DOC-0803,E007
DOC-0804,E013
DOC-0805,E010
DOC-0806,E005
DOC-0807,E010
DOC-0808,E012
DOC-0809,E003
DOC-0810,E010
DOC-0811,E004
DOC-0812,E009
DOC-0813,E004
DOC-0814,E004
DOC-0815,E011
DOC-0816,E001
DOC-0817,E006
DOC-0818,E017
DOC-0819,E009
DOC-0820,E009
DOC-0821,E005
DOC-0822,E007
DOC-0823,E011
DOC-0824,E019
DOC-0825,E016
DOC-0826,E018
DOC-0827,E018
DOC-0828,E015
DOC-0829,E010
DOC-0830,E019
DOC-0831,E005
DOC-0832,E006
DOC-0833,E001
DOC-0834,E007
DOC-0835,E006
DOC-0836,E004
DOC-0837,E010
DOC-0838,E018
DOC-0839,E010
DOC-0840,E013
DOC-0841,E014
DOC-0842,E016
DOC-0843,E011
DOC-0844,E013
DOC-0845,E003
DOC-0846,E003
DOC-0847,E002
DOC-0848,E015
DOC-0849,E010
DOC-0850,E012
DOC-0851,E002
DOC-0852,E007
DOC-0853,E014
DOC-0854,E006
DOC-0855,E002
DOC-0856,E007
DOC-0857,E010
DOC-0858,E013
DOC-0859,E018
DOC-0860,E002
DOC-0861,E001
DOC-0862,E002
DOC-0863,E011
DOC-0864,E002
DOC-0865,E017
DOC-0866,E016
DOC-0867,E007
DOC-0868,E008
DOC-0869,E017
DOC-0870,E006
DOC-0871,E010
DOC-0872,E010
DOC-0873,E019
DOC-0874,E007
DOC-0875,E013
DOC-0876,E014
DOC-0877,E004
DOC-0878,E011
DOC-0879,E006
DOC-0880,E014
DOC-0881,E001
DOC-0882,E015
DOC-0883,E004
DOC-0884,E016
DOC-0885,E009
DOC-0886,E017
DOC-0887,E008
DOC-0888,E005
DOC-0889,E014
DOC-0890,E003
DOC-0891,E002
DOC-0892,E018
DOC-0893,E018
DOC-0894,E006
DOC-0895,E016
DOC-0896,E003
DOC-0897,E018
DOC-0898,E019
DOC-0899,E014
DOC-0900,E005
DOC-0901,E014
DOC-0902,E006
DOC-0903,E016
DOC-0904,E013
DOC-0905,E016
DOC-0906,E012
DOC-0907,E006
DOC-0908,E017
DOC-0909,E009
DOC-0910,E010
DOC-0911,E011
DOC-0912,E006
DOC-0913,E003
DOC-0914,E017
DOC-0915,E019
DOC-0916,E007
DOC-0917,E012
DOC-0918,E015
DOC-0919,E011
DOC-0920,E006
DOC-0921,E004
DOC-0922,E008
DOC-0923,E009
DOC-0924,E013
DOC-0925,E011
DOC-0926,E004
DOC-0927,E004
DOC-0928,E013
DOC-0929,E006
DOC-0930,E009
DOC-0931,E002
DOC-0932,E015
DOC-0933,E004
DOC-0934,E003
DOC-0935,E019
DOC-0936,E004
DOC-0937,E015
DOC-0938,E009
DOC-0939,E006
DOC-0940,E008
DOC-0941,E012
DOC-0942,E013
DOC-0943,E012
DOC-0944,E015
DOC-0945,E019
DOC-0946,E010
DOC-0947,E001
DOC-0948,E012
DOC-0949,E015
DOC-0950,E007
DOC-0951,E015
DOC-0952,E007
DOC-0953,E019
DOC-0954,E013
DOC-0955,E015
DOC-0956,E017
DOC-0957,E005
DOC-0958,E017
DOC-0959,E016
DOC-0960,E005
DOC-0961,E003
DOC-0962,E014
DOC-0963,E006
DOC-0964,E017
DOC-0965,E014
DOC-0966,E004
DOC-0967,E010
DOC-0968,E015
DOC-0969,E015
DOC-0970,E005
DOC-0971,E014
DOC-0972,E001
DOC-0973,E019
DOC-0974,E005
DOC-0975,E013
DOC-0976,E015
DOC-0977,E008
DOC-0978,E001
DOC-0979,E016
DOC-0980,E017
DOC-0981,E014
DOC-0982,E016
DOC-0983,E015
DOC-0984,E005
DOC-0985,E013
DOC-0986,E007
DOC-0987,E018
DOC-0988,E004
DOC-0989,E002
DOC-0990,E008
DOC-0991,E016
DOC-0992,E014
DOC-0993,E014
DOC-0994,E010
DOC-0995,E009
DOC-0996,E010
DOC-0997,E005
DOC-0998,E017
DOC-0999,E003
DOC-1000,E008
